"","x","y"
"9553025",842940,-241680
"14384464",759030,-260760
"36479207",718110,-347970
"50282657",719130,-402450
"21033356",699540,-287010
"46263110",760590,-386580
"10641143",878190,-245970
"17709814",870420,-273870
"55963581",808440,-424860
"12333847",808620,-252660
"26513694",700050,-308640
"33779424",675270,-337320
"3619409",697860,-218280
"48712062",803490,-396240
"56754651",825420,-427980
"7475414",766800,-233490
"28740238",683580,-317430
"23542581",726390,-296910
"32774532",856500,-333330
"47788890",699960,-392610
"27718069",802560,-313380
"40472887",812760,-363720
"55089037",795570,-421410
"40554155",742470,-364050
"38852363",767430,-357330
"18226324",859680,-275910
"21159795",844230,-287490
"26092041",820140,-306960
"15261611",849990,-264210
"9793816",769710,-242640
"31219048",710100,-327210
"13360871",835290,-256710
"54034057",842340,-417240
"32694095",723690,-333030
"35971846",775290,-345960
"45474964",831330,-383460
"18961766",804030,-278820
"10373690",835650,-244920
"12129531",835950,-251850
"34175360",695790,-338880
"42175418",809970,-370440
"35038504",822720,-342270
"18261512",775170,-276060
"9671947",762120,-242160
"15803690",694200,-266370
"10599321",763680,-245820
"28942349",818130,-318210
"25051233",836010,-302850
"3339412",735060,-217170
"32550478",747750,-332460
"14040215",692910,-259410
"15990843",836070,-267090
"7374553",705360,-233100
"31362258",673830,-327780
"4358518",752220,-221190
"49476945",718950,-399270
"37142116",766770,-350580
"23957487",859950,-298530
"4251720",740700,-220770
"22037141",713130,-290970
"26220842",807660,-307470
"19273864",817740,-280050
"18156545",818580,-275640
"25437192",785250,-304380
"37376526",730140,-351510
"29287688",688920,-319590
"45725991",837150,-384450
"37006229",794700,-350040
"15592646",747720,-265530
"22538196",694800,-292950
"49089351",720660,-397740
"17878832",696270,-274560
"50038890",703080,-401490
"17995689",781530,-275010
"10069365",827100,-243720
"4676285",707970,-222450
"12478618",819180,-253230
"37963597",783960,-353820
"25130502",705750,-303180
"16685387",693630,-269850
"9210269",821610,-240330
"19431488",757830,-280680
"13939588",866520,-258990
"46064024",716790,-385800
"37125389",721020,-350520
"39698554",841830,-360660
"30493728",841380,-324330
"14436271",717030,-260970
"20297375",739020,-284100
"39569019",832290,-360150
"23241918",827700,-295710
"19910723",768990,-282570
"44568374",769200,-379890
"15015674",768840,-263250
"35637376",774510,-344640
"28102260",698760,-314910
"867928",700290,-207420
"7840942",787200,-234930
"12084413",850590,-251670
"32407526",791760,-331890
"6728749",713790,-230550
"36495427",748650,-348030
"55592166",839460,-423390
"34744808",676980,-341130
"27072788",826680,-310830
"55789701",836730,-424170
"12091093",822960,-251700
"20761127",741750,-285930
"38116277",803760,-354420
"12662194",853740,-253950
"6166347",715950,-228330
"49038500",791340,-397530
"15896542",743400,-266730
"15353730",877200,-264570
"36979303",671010,-349950
"17826051",709050,-274350
"12668012",800250,-253980
"50548876",724650,-403500
"29672069",818850,-321090
"28895098",768780,-318030
"20964490",685830,-286740
"45353210",827190,-382980
"43792466",751020,-376830
"51568282",750810,-407520
"19676875",822480,-281640
"57940614",831630,-432660
"48294625",822030,-394590
"37303290",813360,-351210
"43551936",832080,-375870
"26532768",816210,-308700
"38662263",765180,-356580
"49423119",700380,-399060
"36860339",750570,-349470
"46055107",677310,-385770
"35414471",700230,-343770
"31588140",837420,-328650
"51354647",726600,-406680
"57408663",835200,-430560
"7831724",738690,-234900
"12296278",821700,-252510
"30516800",849450,-324420
"51949680",791250,-409020
"12020582",759900,-251430
"26189214",770940,-307350
"53456253",838500,-414960
"35889250",805740,-345630
"15479743",781080,-265080
"13736453",701250,-258210
"26484320",730950,-308520
"18572569",757650,-277290
"43592998",695760,-376050
"37690494",799950,-352740
"18932893",849960,-278700
"7544545",788460,-233760
"32530575",834750,-332370
"23218679",814620,-295620
"30612559",757830,-324810
"37593361",850350,-352350
"23640963",713460,-297300
"16799186",687150,-270300
"28196074",776820,-315270
"7621465",815760,-234060
"22083868",746760,-291150
"10613883",744480,-245880
"27976760",810270,-314400
"7526680",708570,-233700
"17211948",756390,-271920
"7880390",830490,-235080
"52398147",791490,-410790
"41764161",785880,-368820
"14048931",726360,-259440
"7134382",797190,-232140
"44259119",840780,-378660
"16306054",715140,-268350
"13839836",838350,-258600
"45861611",801210,-384990
"44269513",696540,-378720
"2997936",752130,-215820
"7147477",733980,-232200
"28893614",724260,-318030
"14151106",827220,-259830
"16127539",832410,-267630
"6074715",703350,-227970
"30409184",813390,-324000
"16436886",763590,-268860
"51995982",812130,-409200
"20261662",807780,-283950
"6068617",748440,-227940
"55217695",778800,-421920
"19233983",761460,-279900
"4549168",770970,-221940
"15892368",846210,-266700
"39047994",707580,-358110
"52444263",806790,-410970
"36083326",699240,-346410
"22277304",849090,-291900
"49378724",736710,-398880
"41376188",776220,-367290
"43131677",765960,-374220
"30345845",737460,-323760
"28398231",684720,-316080
"49893742",681210,-400920
"40708997",827130,-364650
"3787313",718320,-218940
"15524800",764610,-265260
"18811369",852720,-278220
"43399449",818070,-375270
"26703620",697080,-309390
"35835834",799470,-345420
"54198672",764130,-417900
"54800444",802920,-420270
"29494985",751020,-320400
"21064476",721020,-287130
"2320149",713190,-213150
"25054136",695070,-302880
"28673290",727410,-317160
"43957902",697440,-377490
"15539407",746760,-265320
"34939907",829200,-341880
"51972592",794520,-409110
"35940161",736860,-345840
"29951465",763620,-322200
"52253107",772860,-410220
"46248874",789570,-386520
"34089021",841980,-338520
"49061562",799110,-397620
"18195693",852870,-275790
"11828761",706020,-250680
"33391990",681780,-335790
"16171651",787590,-267810
"51414904",710070,-406920
"28274028",835140,-315570
"20838170",772740,-286230
"23597107",765960,-297120
"30205134",848700,-323190
"38231223",831690,-354870
"49400879",717270,-398970
"34636779",856560,-340680
"41545401",835950,-367950
"18033454",774330,-275160
"40844195",778530,-365190
"54124797",828180,-417600
"2578559",712470,-214170
"48527973",753540,-395520
"24303620",754560,-299910
"48253362",724290,-394440
"45136625",714480,-382140
"10415193",712560,-245100
"35955176",731250,-345900
"28451899",698550,-316290
"23702755",742980,-297540
"21312234",856800,-288090
"47015197",748230,-389550
"18892462",777180,-278550
"45183548",753990,-382320
"34897874",708360,-341730
"37118849",752850,-350490
"17247603",685890,-272070
"19120326",772200,-279450
"40415811",696690,-363510
"39224495",757920,-358800
"49886336",687060,-400890
"5369706",759870,-225180
"30177275",697020,-323100
"6723824",794070,-230520
"49495525",820290,-399330
"20525384",738390,-285000
"23088205",776910,-295110
"22725217",832710,-293670
"37856143",752760,-353400
"19399941",723540,-280560
"22237515",795570,-291750
"44893567",719700,-381180
"39925868",820350,-361560
"25177140",736710,-303360
"25183431",697410,-303390
"27076145",699360,-310860
"55827577",832860,-424320
"18119811",856710,-275490
"27609545",739260,-312960
"20883584",766980,-286410
"10673930",721650,-246120
"17903299",746190,-274650
"41980870",674280,-369690
"16883908",720480,-270630
"23638596",870480,-297270
"12969912",736050,-255180
"26392882",724170,-308160
"22899329",811380,-294360
"25414935",801630,-304290
"50747117",743100,-404280
"19239149",688410,-279930
"14924350",765480,-262890
"17829993",827310,-274350
"25739479",732660,-305580
"12637188",787650,-253860
"19355517",759000,-280380
"32461543",816060,-332100
"38861985",828060,-357360
"17131210",842580,-271590
"10120235",756990,-243930
"54306106",794730,-418320
"35487543",840120,-344040
"50848887",831810,-404670
"25439460",853290,-304380
"20015291",713610,-282990
"34460848",823320,-339990
"21322913",721110,-288150
"33654500",804060,-336810
"48209462",775470,-394260
"26065761",715830,-306870
"2418652",703890,-213540
"47375691",845640,-390960
"14824600",737370,-262500
"43376606",816870,-375180
"26563267",819060,-308820
"8283687",843810,-236670
"19298386",869310,-280140
"27715436",723570,-313380
"9659054",831390,-242100
"51310659",775140,-406500
"21342127",841470,-288210
"33401871",750180,-335820
"19567520",734250,-281220
"43512956",802830,-375720
"37747922",698550,-352980
"37388314",855750,-351540
"19604534",704520,-281370
"19075304",789720,-279270
"20031635",747870,-283050
"24301293",684750,-299910
"13519761",813360,-257340
"24291664",851940,-299850
"28648947",681210,-317070
"8894769",705840,-239100
"14467915",754230,-261090
"1650935",703410,-210510
"6007388",735810,-227700
"29209411",848940,-319260
"7697414",813930,-234360
"44878305",717900,-381120
"36041400",809640,-346230
"19560384",748200,-281190
"38033586",831360,-354090
"11397964",779820,-248970
"7094115",729330,-231990
"28278838",751410,-315600
"28027310",730560,-314610
"23072454",760440,-295050
"24922614",853950,-302340
"20877043",798780,-286380
"20877615",815940,-286380
"13442934",788850,-257040
"9909714",826200,-243090
"45767208",705480,-384630
"41070242",719040,-366090
"52275255",753210,-410310
"53721877",826170,-416010
"34285100",795570,-339300
"32063415",729780,-330540
"38732065",806970,-356850
"5438574",773640,-225450
"16869960",758100,-270570
"26047016",837570,-306780
"25928245",694890,-306330
"34696674",829170,-340920
"32375051",729630,-331770
"17799923",837330,-274230
"8015071",766380,-235620
"11657828",822720,-249990
"45687542",823830,-384300
"34113951",677760,-338640
"36896192",686010,-349620
"20853711",782910,-286290
"16299948",759990,-268320
"38410648",741720,-355590
"12175764",854760,-252030
"14470448",830220,-261090
"11998827",791340,-251340
"28170438",691830,-315180
"22994284",695640,-294750
"19921591",867000,-282600
"36977005",830100,-349920
"18209509",811290,-275850
"7711295",774300,-234420
"18768757",714510,-278070
"36965639",717150,-349890
"12210391",753420,-252180
"49272208",733650,-398460
"24059614",731340,-298950
"9841018",817590,-242820
"17974882",841410,-274920
"27352381",777360,-311940
"21867319",863160,-290280
"12956075",777000,-255120
"53415609",759330,-414810
"51243486",812220,-406230
"35793905",681750,-345270
"47248284",671910,-390480
"33434282",810390,-335940
"47438249",670110,-391230
"46071210",704340,-385830
"43254992",816930,-374700
"41844519",688290,-369150
"55705287",812640,-423840
"21207957",692880,-287700
"37994364",794850,-353940
"23671530",718350,-297420
"19121874",818640,-279450
"31108274",807330,-326760
"14415076",765270,-260880
"24180504",709560,-299430
"18424023",861870,-276690
"37127220",775950,-350520
"32185822",753510,-331020
"17952560",855840,-274830
"9833014",805500,-242790
"16909260",796950,-270720
"30559017",747780,-324600
"13176067",763890,-255990
"16774909",870960,-270180
"16034295",771450,-267270
"17414847",686550,-272730
"39254740",753150,-358920
"38581267",843630,-356250
"42764925",708840,-372780
"12600869",838230,-253710
"45451967",825510,-383370
"30232138",746700,-323310
"51956403",764910,-409050
"10471371",801690,-245310
"43267794",744930,-374760
"49723589",821310,-400230
"2495747",736440,-213840
"37026947",732150,-350130
"27304924",721830,-311760
"13915921",840600,-258900
"52076951",732870,-409530
"7747076",707580,-234570
"24620614",687120,-301170
"45034040",829350,-381720
"48990907",731730,-397350
"5847854",738420,-227070
"12821001",829320,-254580
"40018115",851400,-361920
"38881357",725130,-357450
"8105425",740640,-235980
"43540267",710040,-375840
"42061089",800550,-369990
"9792554",731850,-242640
"10217465",709500,-244320
"21683566",823290,-289560
"48452706",775830,-395220
"41085743",728010,-366150
"10106282",794460,-243870
"9976079",764880,-243360
"38016980",789240,-354030
"45145918",765240,-382170
"37520934",729810,-352080
"17044270",742710,-271260
"35111999",747270,-342570
"34955923",853620,-341940
"35152050",808650,-342720
"44037351",800610,-377790
"15779395",877470,-266250
"14914956",711690,-262860
"52169781",781410,-409890
"9284198",759180,-240630
"48141475",788130,-393990
"31051285",693870,-326550
"38752540",737130,-356940
"24188696",727290,-299460
"19825858",731370,-282240
"51668909",805230,-407910
"44584123",785610,-379950
"25206244",697710,-303480
"10291498",878220,-244590
"18006131",866760,-275040
"49774616",755910,-400440
"43745890",721920,-376650
"55256275",796050,-422070
"36686341",775320,-348780
"20604435",829620,-285300
"15062341",800670,-263430
"49449682",813180,-399150
"19357181",808920,-280380
"9523230",861210,-241560
"33807668",838500,-337410
"34636002",833250,-340680
"49706404",761820,-400170
"4502921",751740,-221760
"47991265",842430,-393390
"55743191",809610,-423990
"25631630",689610,-305160
"32786913",771870,-333390
"22041100",831900,-290970
"10369298",703890,-244920
"39080211",761970,-358230
"26327321",809610,-307890
"19741835",719010,-281910
"2693599",743220,-214620
"53773022",764310,-416220
"21486792",848850,-288780
"21286721",775500,-288000
"53980620",835440,-417030
"27519678",779610,-312600
"18399800",819270,-276600
"55470199",828930,-422910
"10582418",712650,-245760
"40427189",810000,-363540
"22394840",726690,-292380
"36456352",716550,-347880
"26597941",719130,-308970
"22033663",836820,-290940
"30126240",762180,-322890
"29260377",781710,-319470
"11938546",807150,-251100
"23303467",849930,-295950
"9526546",732660,-241590
"45872916",684300,-385050
"42623082",786120,-372210
"7633492",720510,-234120
"25025635",752160,-302760
"6236980",782670,-228600
"41361744",798960,-367230
"35027748",728070,-342240
"37690230",792030,-352740
"48443468",726720,-395190
"15193376",855210,-263940
"6296747",751440,-228840
"21226512",793470,-287760
"34190021",679560,-338940
"41619477",777930,-368250
"10213224",810300,-244290
"15443016",819420,-264930
"7362717",806340,-233040
"11674429",864690,-250050
"43261119",772710,-374730
"7203110",806760,-232410
"9256266",833340,-240510
"40335596",798570,-363180
"39825759",781470,-361170
"9245538",739530,-240480
"38311996",746550,-355200
"20577250",698160,-285210
"5308851",758460,-224940
"17273128",767550,-272160
"28052062",789030,-314700
"43086965",792780,-374040
"42780538",721170,-372840
"38062498",786600,-354210
"46119897",796770,-386010
"26083617",795450,-306930
"32367879",742500,-331740
"24120152",723240,-299190
"6418257",748260,-229320
"54011138",838860,-417150
"43509590",701850,-375720
"23638101",855630,-297270
"37964886",822630,-353820
"3309664",754740,-217050
"54914589",806820,-420720
"51977674",718950,-409140
"42772195",698910,-372810
"47028829",701130,-389610
"22754183",789570,-293790
"31641922",854670,-328860
"41616465",687570,-368250
"4988913",737580,-223680
"14310061",807240,-260460
"19711590",723780,-281790
"29926663",703650,-322110
"23090001",830790,-295110
"38181762",716040,-354690
"16180922",837690,-267840
"8069866",814020,-235830
"41783531",682890,-368910
"46724005",677610,-388410
"40805013",743220,-365040
"43904456",690270,-377280
"14220710",863070,-260100
"18338916",816990,-276360
"16043148",809010,-267300
"10159104",782910,-244080
"12060899",829260,-251580
"49670696",830730,-400020
"7163175",748860,-232260
"23324025",782580,-296040
"33586017",801840,-336540
"44957084",800970,-381420
"53515163",781560,-415200
"16576010",832770,-269400
"50161465",731850,-401970
"17835253",757080,-274380
"30676082",839280,-325050
"18307216",778110,-276240
"26994602",761400,-310530
"14453967",791850,-261030
"54276550",820170,-418200
"31572875",835530,-328590
"36391873",834450,-347610
"40456547",778620,-363660
"16269309",752940,-268200
"20502856",746640,-284910
"15188274",702150,-263940
"17275980",853110,-272160
"26107137",816960,-307020
"21208673",714360,-287700
"32618173",726330,-332730
"20078400",782640,-283230
"35816841",685740,-345360
"38275036",777900,-355050
"19554204",790830,-281160
"48077253",685710,-393750
"36114400",719340,-346530
"24677327",792300,-301380
"28741532",722400,-317430
"40289100",771870,-363000
"21709326",683970,-289680
"4921436",765540,-223410
"44766257",776910,-380670
"24227820",760860,-299610
"43575040",841110,-375960
"48036612",834660,-393570
"7285425",767880,-232740
"13141904",879150,-255840
"33546274",749700,-336390
"13110593",851940,-255720
"22274665",769920,-291900
"16599157",843090,-269490
"52367847",794610,-410670
"7838902",726000,-234930
"6731031",782250,-230550
"29783999",756300,-321540
"2684632",702240,-214590
"28524005",809460,-316560
"34435090",734670,-339900
"45280852",708720,-382710
"16694166",728970,-269880
"26627371",689910,-309090
"8225504",694530,-236460
"10792562",860160,-246570
"43540136",706110,-375840
"11893833",833940,-250920
"31264767",713490,-327390
"37376682",734820,-351510
"7648766",722670,-234180
"46543111",723510,-387690
"15018224",845340,-263250
"23782578",857370,-297840
"22393630",690390,-292380
"6115861",797580,-228120
"40508225",732750,-363870
"47912624",763500,-393090
"50840721",814860,-404640
"7254833",762240,-232620
"38333700",713580,-355290
"43955033",839400,-377460
"28368042",691170,-315960
"20030380",710220,-283050
"55705171",809160,-423840
"47345357",847740,-390840
"24303043",737250,-299910
"55934010",833430,-424740
"9858055",872640,-242880
"15769061",795480,-266220
"18639123",702000,-277560
"35345555",685020,-343500
"13975056",790410,-259140
"13976446",832110,-259140
"45525916",763680,-383670
"14733458",739470,-262140
"50357744",691440,-402750
"14745032",858660,-262170
"14925272",793140,-262890
"36669569",728220,-348720
"44012277",732480,-377700
"23513128",754920,-296790
"34358216",708750,-339600
"54565592",826290,-419340
"30118623",761700,-322860
"22648059",798270,-293370
"39295180",826200,-359070
"38876353",803040,-357420
"23476835",806280,-296640
"55743864",829800,-423990
"28202806",750750,-315300
"48647177",681180,-396000
"28474711",698820,-316380
"35217069",706950,-342990
"48773903",834480,-396480
"44536324",719820,-379770
"37693877",673410,-352770
"4265464",696960,-220830
"14726658",763500,-262110
"44877065",680700,-381120
"7025323",717840,-231720
"41870806",792810,-369240
"24790794",775860,-301830
"31020499",682410,-326430
"28272448",787740,-315570
"52436982",816390,-410940
"39762617",711450,-360930
"31140128",850830,-326880
"16636276",816510,-269640
"31538233",708390,-328470
"36615326",697140,-348510
"45349377",712200,-382980
"54505181",838200,-419100
"50802390",805080,-404490
"23118218",765180,-295230
"31841503",685290,-329670
"28917143",746040,-318120
"14962625",773580,-263040
"25435470",733590,-304380
"12343721",876810,-252690
"53167357",836760,-413820
"47674301",682740,-392160
"52581307",813570,-411510
"34492254",853380,-340110
"50278114",810870,-402420
"22038682",759360,-290970
"12325511",786570,-252630
"35847241",685620,-345480
"38639861",777210,-356490
"56130882",810810,-425520
"53150353",782700,-413760
"36581603",825600,-348360
"7363326",824610,-233040
"16429621",773670,-268830
"26402078",772020,-308190
"10173803",767820,-244140
"8800032",828120,-238710
"5420852",698040,-225390
"6046882",780480,-227850
"13969518",852300,-259110
"51396394",838860,-406830
"24921557",822240,-302340
"4357241",713910,-221190
"42297906",836130,-370920
"49624991",827760,-399840
"24103607",682950,-299130
"46922438",701820,-389190
"21919749",839850,-290490
"34633535",759240,-340680
"41240724",816840,-366750
"24120521",734310,-299190
"42266914",818490,-370800
"30483988",777210,-324300
"46147689",718410,-386130
"28128341",797100,-315000
"22460068",859290,-292620
"27921948",762120,-314190
"16511921",734340,-269160
"31834233",695220,-329640
"15204004",717990,-264000
"21203722",793860,-287670
"50997094",717420,-405270
"11605886",860670,-249780
"58396834",836430,-434460
"52975517",782310,-413070
"31899541",830220,-329880
"7688246",766920,-234330
"51683916",799380,-407970
"35026454",689250,-342240
"27011469",811350,-310590
"5696886",769980,-226470
"31641559",843780,-328860
"25560669",841080,-304860
"18328917",745050,-276330
"21763105",701130,-289890
"33645213",753480,-336780
"11441983",732210,-249150
"45868636",783930,-385020
"23747297",711060,-297720
"27430109",828900,-312240
"41458401",734280,-367620
"26156278",694980,-307230
"54391213",839610,-418650
"14988582",868200,-263130
"14398490",723750,-260820
"45600396",717780,-383970
"10128292",770670,-243960
"53379957",829920,-414660
"7431210",808860,-233310
"15213289",768510,-264030
"21686495",683130,-289590
"2692109",698520,-214620
"52846111",776640,-412560
"35436351",672540,-343860
"37036941",803940,-350160
"46093718",695490,-385920
"14532565",869490,-261330
"47701136",803700,-392250
"37569525",819360,-352260
"37742336",759000,-352950
"26545737",749220,-308760
"19247744",718230,-279960
"49944504",835890,-401100
"41623563",672480,-368280
"46095199",739920,-385920
"23126621",789240,-295260
"49127267",717990,-397890
"47853725",820770,-392850
"18153650",731730,-275640
"16148644",781470,-267720
"50076940",704430,-401640
"32514475",807810,-332310
"18095168",801510,-275400
"34955291",834660,-341940
"13138828",786870,-255840
"29196734",696660,-319230
"33762813",861030,-337230
"33108145",831570,-334650
"26157992",746400,-307230
"31464421",774330,-328170
"21926256",807030,-290520
"22074642",698010,-291120
"49833068",685230,-400680
"11818709",860520,-250620
"32687809",763140,-333000
"27817876",832380,-313770
"44645808",811920,-380190
"39211946",837510,-358740
"18826015",836040,-278280
"29444337",827790,-320190
"30117007",713220,-322860
"41548341",696120,-367980
"51813064",797310,-408480
"24649182",860070,-301260
"17038507",797850,-271230
"18831990",787260,-278310
"35418718",827640,-343770
"52231865",819690,-410130
"54861002",795420,-420510
"17241863",741720,-272040
"18130417",718830,-275550
"14949914",848310,-262980
"12380211",831360,-252840
"25877265",761700,-306120
"15671181",823470,-265830
"22653429",731340,-293400
"25192643",745740,-303420
"16054978",707850,-267360
"28968880",701940,-318330
"20018708",816120,-282990
"41332695",839610,-367110
"5164343",755790,-224370
"23694675",728610,-297510
"11517991",732150,-249450
"41482184",763680,-367710
"41893861",800370,-369330
"11375198",780930,-248880
"10704976",740910,-246240
"39178693",752040,-358620
"46779446",744630,-388620
"14682788",815580,-261930
"37750627",779700,-352980
"29869053",799590,-321870
"14918405",815160,-262860
"44375766",691710,-379140
"49600283",770610,-399750
"43129520",701250,-374220
"49744902",776610,-400320
"23412758",708210,-296400
"38530201",679830,-356070
"51484339",740850,-407190
"33408989",735690,-335850
"8541177",815490,-237690
"26939777",712860,-310320
"39641750",733920,-360450
"45566497",840960,-383820
"18877822",794040,-278490
"47092719",793590,-389850
"35362605",740460,-343560
"47056394",843990,-389700
"34892877",786480,-341700
"13124085",800640,-255780
"51342064",805170,-406620
"23214772",697410,-295620
"13593337",740340,-257640
"33129431",786060,-334740
"18578841",717780,-277320
"31329357",826950,-327630
"46104704",797040,-385950
"6017232",803100,-227730
"23879549",802110,-298230
"28664794",700560,-317130
"28388469",847920,-316020
"39862243",735840,-361320
"26759804",786390,-309600
"41476506",821370,-367680
"15356421",729900,-264600
"41702180",750690,-368580
"36845333",756450,-349410
"44170705",696690,-378330
"36184252",762630,-346800
"5293285",747540,-224880
"31272028",703290,-327420
"46637101",806850,-388050
"54130332",766200,-417630
"51236471",829800,-406200
"41346924",810420,-367170
"48897698",671820,-396990
"21228264",846030,-287760
"9437260",790440,-241230
"24465572",824490,-300540
"24313065",809880,-299940
"24873951",762240,-302160
"45075065",691920,-381900
"24865601",739770,-302130
"13543033",827430,-257430
"24556662",820830,-300900
"45092989",773580,-381960
"38343967",793560,-355320
"26720768",755460,-309450
"5611439",714900,-226140
"42614402",753750,-372180
"47438626",681420,-391230
"37749534",746910,-352980
"32339052",789810,-331620
"41976980",785610,-369660
"37492953",802500,-351960
"46492800",810390,-387480
"15861447",830700,-266580
"10349547",795450,-244830
"48779781",782790,-396510
"15140835",875190,-263730
"39241161",801840,-358860
"5879306",769860,-227190
"6083757",746580,-228000
"25436110",752790,-304380
"36447937",692130,-347850
"30488720",691140,-324330
"43009289",742800,-373740
"46788612",791580,-388650
"9483202",800520,-241410
"54800724",811320,-420270
"30199590",682380,-323190
"36057246",828960,-346290
"33134014",695520,-334770
"2336134",736680,-213210
"24933707",730680,-302400
"15189314",733350,-263940
"49234924",755280,-398310
"21319110",835050,-288120
"40607078",733950,-364260
"14477722",820410,-261120
"9222106",720660,-240390
"49591112",723510,-399720
"37029457",807450,-350130
"22756748",866520,-293790
"22837284",774270,-294120
"14332762",804180,-260550
"7490998",778260,-233550
"42142431",732480,-370320
"19644613",766740,-281520
"14802037",744570,-262410
"29526731",791280,-320520
"23153639",687660,-295380
"16622890",870990,-269580
"30755255",706140,-325380
"39945197",716130,-361650
"25005594",835020,-302670
"37182560",839940,-350730
"13232098",848610,-256200
"26667247",746040,-309240
"18772804",835920,-278070
"36483913",859290,-347970
"49898049",810420,-400920
"10765545",733740,-246480
"12185973",704970,-252090
"41076491",678480,-366120
"8963335",710550,-239370
"49081049",699630,-397710
"44783447",836550,-380730
"24358045",791100,-300120
"9474967",781500,-241380
"33040389",851160,-334380
"13600482",726660,-257670
"48868936",721080,-396870
"47784385",792840,-392580
"23331566",780780,-296070
"36357940",728580,-347490
"49356190",744780,-398790
"23774732",850020,-297810
"27048693",787920,-310740
"13443432",803790,-257040
"11190242",704970,-248160
"53531146",804990,-415260
"17926399",755100,-274740
"24532546",781440,-300810
"7491578",795660,-233550
"17660985",773730,-273690
"36580661",797340,-348360
"12054675",870570,-251550
"31183875",795060,-327060
"42349747",795150,-371130
"50558166",775320,-403530
"51781419",760080,-408360
"17607074",752610,-273480
"26903953",778290,-310170
"12973177",834000,-255180
"45326258",702720,-382890
"11057991",841980,-247620
"23922940",735660,-298410
"9789345",863610,-242610
"9659453",843360,-242100
"51987582",788160,-409170
"45843078",701280,-384930
"48093498",717000,-393810
"47492340",696630,-391440
"20891632",780390,-286440
"32989881",704100,-334200
"49286282",699810,-398520
"34618158",753990,-340620
"35650626",715950,-344700
"35469422",752550,-343980
"28963901",780600,-318300
"48883379",698310,-396930
"49468150",683130,-399240
"12905971",870090,-254910
"10819983",770670,-246690
"3027995",741780,-215940
"44519808",680400,-379710
"26894650",727230,-310140
"18020546",843150,-275100
"12894609",757260,-254880
"46969551",747030,-389370
"13171823",864600,-255960
"12646785",847530,-253890
"1924755",708930,-211590
"29224018",831090,-319320
"43441021",697050,-375450
"43152760",714360,-374310
"26496257",861030,-308550
"50398621",777600,-402900
"29480368",768570,-320340
"27212579",687840,-311400
"44975490",669060,-381510
"37254322",712500,-351030
"30946137",731850,-326130
"51674874",756150,-407940
"39409698",841290,-359520
"10457692",847380,-245250
"53372282",827700,-414630
"43958079",702750,-377490
"44434071",844650,-379350
"28893195",711690,-318030
"24350794",801600,-300090
"33118786",694740,-334710
"50441580",698190,-403080
"26522626",739980,-308670
"26695681",686940,-309360
"50543262",784260,-403470
"34676647",684420,-340860
"8215239",842640,-236400
"16370123",812970,-268590
"21885241",716730,-290370
"45137938",753870,-382140
"22223752",838740,-291690
"25292062",763920,-303810
"8990815",850860,-239460
"23964493",842100,-298560
"29255234",855450,-319440
"50110154",788730,-401760
"8435469",836670,-237270
"6054408",778230,-227880
"8826600",713040,-238830
"19416774",772470,-280620
"16413338",741240,-268770
"9918606",864930,-243120
"29922124",795510,-322080
"41594011",698040,-368160
"26252884",856800,-307590
"12255163",728400,-252360
"25444523",777150,-304410
"29601128",742890,-320820
"13881144",709410,-258780
"11603038",775230,-249780
"23987237",840330,-298650
"29413243",807090,-320070
"44145058",839400,-378210
"15260293",810450,-264210
"44081072",744060,-377970
"8135923",743460,-236100
"16035325",802350,-267270
"14032549",690960,-259380
"33799370",817590,-337380
"27151734",686730,-311160
"29063767",812190,-318690
"15214991",819570,-264030
"54672291",834840,-419760
"27048062",768990,-310740
"32031642",688710,-330420
"31251317",766050,-327330
"11716773",766830,-250230
"24425091",750210,-300390
"10556819",856800,-245640
"22285631",870870,-291930
"17337014",859890,-272400
"43703666",823380,-376470
"26889927",813570,-310110
"46506807",774540,-387540
"36285087",823290,-347190
"45003288",818910,-381600
"21823779",697110,-290130
"50748588",787230,-404280
"25163618",787110,-303300
"29536476",855600,-320550
"23537535",803040,-296880
"32947057",787560,-334020
"19928483",845730,-282630
"9578587",697680,-241800
"17963691",733710,-274890
"39029973",851040,-358020
"37084167",852540,-350340
"22857283",690150,-294210
"40825663",678630,-365130
"25564979",742350,-304890
"44779781",726570,-380730
"45209357",844170,-382410
"22100762",797520,-291210
"34320526",718200,-339450
"9935973",701850,-243210
"14158537",822120,-259860
"41042985",813450,-365970
"19774577",789150,-282030
"19425411",803550,-280650
"16455607",869160,-268920
"42780750",727530,-372840
"31925606",700050,-330000
"16642409",772470,-269670
"32377870",814200,-331770
"43227631",680190,-374610
"10960341",876870,-247230
"38705520",694710,-356760
"47333983",734550,-390810
"11730840",732780,-250290
"46363968",821940,-386970
"46856822",785610,-388920
"52426885",741510,-410910
"22071823",841470,-291090
"28805390",813900,-317670
"25119892",843510,-303120
"24409818",748080,-300330
"2958772",717360,-215670
"23746695",693000,-297720
"27577799",699000,-312840
"29228846",747900,-319350
"13353582",844650,-256680
"10711183",699090,-246270
"42988367",799230,-373650
"26144021",783330,-307170
"14049542",744690,-259440
"50855663",807060,-404700
"15524879",766980,-265260
"22462180",694620,-292650
"26338666",693900,-307950
"33350019",790830,-335610
"48283787",724920,-394560
"52216989",829470,-410070
"12156048",719340,-251970
"45583749",674430,-383910
"9854956",779670,-242880
"10186911",705000,-244200
"41368091",761340,-367260
"54603586",825960,-419490
"45615550",716340,-384030
"15700153",780510,-265950
"20524022",697530,-285000
"19092554",851160,-279330
"46764106",740490,-388560
"51851210",801540,-408630
"44789831",800040,-380760
"29179425",861480,-319140
"4982545",774570,-223650
"3552317",737370,-218010
"51182547",808290,-405990
"47640986",823440,-392010
"9404275",713010,-241110
"25279073",830310,-303750
"21706619",830790,-289650
"32690853",854460,-333000
"25680595",790380,-305340
"18164286",822780,-275670
"48464329",668460,-395280
"51552685",738960,-407460
"21538735",810930,-288990
"22534982",826410,-292920
"42779042",676290,-372840
"11111958",864780,-247830
"14338942",761550,-260580
"27871449",843360,-313980
"20212808",710340,-283770
"45284814",827580,-382710
"36705926",678780,-348870
"45715170",740550,-384420
"44641312",677040,-380190
"13091777",743520,-255660
"38464760",768870,-355800
"35820582",797970,-345360
"12570249",831750,-253590
"46393726",802560,-387090
"20487056",728700,-284850
"12148978",735270,-251940
"43665433",816540,-376320
"53232580",741180,-414090
"53935039",836190,-416850
"8591251",721500,-237900
"40586161",790530,-364170
"35197903",816060,-342900
"43714007",677550,-376530
"4275475",769260,-220860
"16537051",804150,-269250
"14643391",773820,-261780
"14033028",705330,-259380
"37638230",828240,-352530
"44552271",742170,-379830
"26511456",860940,-308610
"47759111",718710,-392490
"18994117",862440,-278940
"10477863",768420,-245340
"53197736",836010,-413940
"47401407",705000,-391080
"54968632",831900,-420930
"47606783",709470,-391890
"13037228",703260,-255450
"12827235",788310,-254610
"18214216",724470,-275880
"33076620",797940,-334530
"38647919",790920,-356520
"13435044",780180,-257010
"35589055",693060,-344460
"47897814",775260,-393030
"46521114",747690,-387600
"18611675",790680,-277440
"14096917",797760,-259620
"21363424",796290,-288300
"45875502",761880,-385050
"27076708",716250,-310860
"34889835",695220,-341700
"13694241",803070,-258030
"14093448",693690,-259620
"44238574",680490,-378600
"17275917",851220,-272160
"32898919",711600,-333840
"32537461",813300,-332400
"28014955",815970,-314550
"51082383",767760,-405600
"19283137",867900,-280080
"15211754",722460,-264030
"6615403",733860,-230100
"33206134",806850,-335040
"26537044",716460,-308730
"2107255",711210,-212310
"28502979",862770,-316470
"6479683",766800,-229560
"42073528",717660,-370050
"48392270",786990,-394980
"22285552",868500,-291930
"45434486",757140,-383310
"24565655",862590,-300930
"4957312",701670,-223560
"24098993",772560,-299100
"28003310",694650,-314520
"15616451",777780,-265620
"19969324",702780,-282810
"28717733",692520,-317340
"43824592",802680,-376950
"12980455",824310,-255210
"34859710",703590,-341580
"36717161",787800,-348900
"29285140",840510,-319560
"29284541",822540,-319560
"48667152",824370,-396060
"54815524",799260,-420330
"34843742",680610,-341520
"18756863",813750,-278010
"22496581",814530,-292770
"28700309",853890,-317250
"23405570",720600,-296370
"11773052",858990,-250440
"41396675",706740,-367380
"23735881",824640,-297660
"43967483",756840,-377520
"49714371",772800,-400200
"45258245",714600,-382620
"17441720",808650,-272820
"30151159",825660,-322980
"17638007",768480,-273600
"40037399",745830,-362010
"3849284",753210,-219180
"8852985",820500,-238920
"17929289",841800,-274740
"10555342",812490,-245640
"26224653",693960,-307500
"25473332",729300,-304530
"37629358",790110,-352500
"26259187",817860,-307620
"40070876",838020,-362130
"1947673",712380,-211680
"6790500",742080,-230790
"53128806",820380,-413670
"6775620",751740,-230730
"38371501",707460,-355440
"19815396",873570,-282180
"8959540",824730,-239340
"27584931",684930,-312870
"50650402",806040,-403890
"5620010",744000,-226170
"21857534",797640,-290250
"17868501",842400,-274500
"9763051",758880,-242520
"52824639",816570,-412470
"54084890",771120,-417450
"53499444",766050,-415140
"14901775",772320,-262800
"23618965",737610,-297210
"55134778",799620,-421590
"27906648",759180,-314130
"17312039",794730,-272310
"49065953",702810,-397650
"41762110",724350,-368820
"24471589",776970,-300570
"20862251",811080,-286320
"54746841",791040,-420060
"33463581",777240,-336060
"35492281",754230,-344070
"26994744",765660,-310530
"23765411",798420,-297780
"10574261",695970,-245730
"17322215",871980,-272340
"15781683",718080,-266280
"19054791",858420,-279180
"48141625",792630,-393990
"16962450",796440,-270930
"37021365",792720,-350100
"46362471",777030,-386970
"15169978",837360,-263850
"1020108",705090,-208020
"8783218",779760,-238650
"38340778",697890,-355320
"55051695",815460,-421260
"30102285",727620,-322800
"37790824",845460,-353130
"16951645",700320,-270900
"31938187",849450,-330030
"41961568",779310,-369600
"23560864",818820,-296970
"19320709",854910,-280230
"33043629",720330,-334410
"40719628",690000,-364710
"40001767",817020,-361860
"46106445",849270,-385950
"44627062",705600,-380130
"38349448",729960,-355350
"7285855",780780,-232740
"25108164",719700,-303090
"39468256",773790,-359760
"44834467",770940,-380940
"10430877",727020,-245160
"17652466",746190,-273660
"52504088",777300,-411210
"29515750",689880,-320490
"8100710",827220,-235950
"38234580",704370,-354900
"8595172",839130,-237900
"22064677",855120,-291060
"10136215",780330,-243990
"31867053",767700,-329760
"14220605",859920,-260100
"12718159",708450,-254190
"43262876",825420,-374730
"14528801",756570,-261330
"5170435",710520,-224400
"34627337",801330,-340650
"26782230",775080,-309690
"19993810",753270,-282900
"45003973",839460,-381600
"10692277",816000,-246180
"17911419",761760,-274680
"16363436",840390,-268560
"13006894",705360,-255330
"31548224",780090,-328500
"33571299",816360,-336480
"19815405",873840,-282180
"26594784",852450,-308940
"14295949",839940,-260400
"40995049",743550,-365790
"37591059",781290,-352350
"45367108",788070,-383040
"14159913",863400,-259860
"25874923",691440,-306120
"21727245",765480,-289740
"18414709",810480,-276660
"42658892",720270,-372360
"15763782",865140,-266190
"19378836",774480,-280470
"43754561",754020,-376680
"47904086",735390,-393060
"49935226",785580,-401070
"17783326",795480,-274170
"29526862",795210,-320520
"40028308",701130,-361980
"24745152",774780,-301650
"12904549",827430,-254910
"31928412",784230,-330000
"33798630",795390,-337380
"15360007",837480,-264600
"29044348",685680,-318630
"15859087",759900,-266580
"27958180",708930,-314340
"19178578",695520,-279690
"42376649",690090,-371250
"38571587",781260,-356220
"27779245",813600,-313620
"54055360",797340,-417330
"21130199",868470,-287370
"11009827",765240,-247440
"38588674",837810,-356280
"17139793",872040,-271620
"10785586",878910,-246540
"2198064",699120,-212670
"30656012",693240,-324990
"13251330",741480,-256290
"34099753",707880,-338580
"11325161",876030,-248670
"40290309",808140,-363000
"25754341",722460,-305640
"35702521",676590,-344910
"18831290",766260,-278310
"23429155",744060,-296460
"47375058",826650,-390960
"25289482",686520,-303810
"39176320",680850,-358620
"21344534",685650,-288240
"46946993",754380,-389280
"11886671",847110,-250890
"12964033",787710,-255150
"5901912",763950,-227280
"27643214",837210,-313080
"45729739",721560,-384480
"11780269",847470,-250470
"39401493",823170,-359490
"39127990",827160,-358410
"38355511",683820,-355380
"22710731",854190,-293610
"23547039",860130,-296910
"50914280",741330,-404940
"13495353",765210,-257250
"6685414",781920,-230370
"15692487",778560,-265920
"13767217",712050,-258330
"54292539",843780,-418260
"49328030",812100,-398670
"12113660",815880,-251790
"40343139",796830,-363210
"48735672",827700,-396330
"31303308",729570,-327540
"45032380",779550,-381720
"10263252",714930,-244500
"44658279",729990,-380250
"28668152",801300,-317130
"30500248",808950,-324360
"32412872",724110,-331920
"9833421",817710,-242790
"45784682",773640,-384690
"52609260",740040,-411630
"18572677",760890,-277290
"19024868",872850,-279060
"21295559",812610,-288030
"7918589",836310,-235230
"26065229",699870,-306870
"49589562",677010,-399720
"8622542",748110,-238020
"34214362",725700,-339030
"41591538",851880,-368130
"50403604",699060,-402930
"49105893",760860,-397800
"32837102",681330,-333600
"23855151",754260,-298140
"27718842",825750,-313380
"13206292",758520,-256110
"28454131",765510,-316290
"49352012",847470,-398760
"44952975",677700,-381420
"56047971",831810,-425190
"41167967",686400,-366480
"29519836",812460,-320490
"33029082",739980,-334350
"47495446",789810,-391440
"42765263",718980,-372780
"23570189",870540,-297000
"27334385",693540,-311880
"24955971",714510,-302490
"11747676",781800,-250350
"19950015",807600,-282720
"42566962",698730,-372000
"5287250",794520,-224850
"30179937",776880,-323100
"12573966",715230,-253620
"45895527",678540,-385140
"44522849",771630,-379710
"28399645",727140,-316080
"34475695",812670,-340050
"20989189",742710,-286830
"19499435",743970,-280950
"48441351",663210,-395190
"21771597",727860,-289920
"30743496",809430,-325320
"35524436",806760,-344190
"28489405",683580,-316440
"37676657",840900,-352680
"10080265",698040,-243780
"22426208",755610,-292500
"33843643",777600,-337560
"14694077",698190,-261990
"45040256",787800,-381750
"49810078",679620,-400590
"11042017",818820,-247560
"20048429",795630,-283110
"48663330",709710,-396060
"29298449",783720,-319620
"40123231",812460,-362340
"21399819",747990,-288450
"32292712",767790,-331440
"15192287",822540,-263940
"16764295",780570,-270150
"37164467",753210,-350670
"39873651",850050,-361350
"46098537",840060,-385920
"47707074",753810,-392280
"40015478",772290,-361920
"46348617",817470,-386910
"18703689",814740,-277800
"39854234",723600,-361290
"13189066",697800,-256050
"44716906",664560,-380490
"8659155",706350,-238170
"48929626",717540,-397110
"9557900",761160,-241710
"20535909",826110,-285030
"11734923",855270,-250290
"50719718",833250,-404160
"10913440",838020,-247050
"30968699",724620,-326220
"16892350",745710,-270660
"25034688",795720,-302790
"19963116",744570,-282780
"19601965",855480,-281340
"43596562",802680,-376050
"16013502",831750,-267180
"36175875",739350,-346770
"7764341",769470,-234630
"27957202",679590,-314340
"10932507",725940,-247140
"32838396",720150,-333600
"40381376",803790,-363360
"14546603",834570,-261390
"46713381",814950,-388350
"45300202",833160,-382770
"34583208",845640,-340470
"46890865",666750,-389070
"46428541",706860,-387240
"31111738",683220,-326790
"22564913",812220,-293040
"21932896",778200,-290550
"33674583",722460,-336900
"7300715",770520,-232800
"52913353",741630,-412830
"39878512",767850,-361380
"41788543",833250,-368910
"29809270",830340,-321630
"4891683",785070,-223290
"41382739",744720,-367320
"44236086",833880,-378570
"30470851",839160,-324240
"8373809",811110,-237030
"51091308",807480,-405630
"37158221",793860,-350640
"28886804",747990,-318000
"37200794",702870,-350820
"30359611",694380,-323820
"26153742",846930,-307200
"39595141",703830,-360270
"4420139",776610,-221430
"52031046",723900,-409350
"30077789",676830,-322710
"8661383",773190,-238170
"5064348",720330,-223980
"22801506",841080,-293970
"11511409",762720,-249420
"47366784",806460,-390930
"19817787",717270,-282210
"23755394",725940,-297750
"43456935",718410,-375510
"40812184",730320,-365070
"24448463",767280,-300480
"39865464",832470,-361320
"35858214",786780,-345510
"35345516",683850,-343500
"44015476",828450,-377700
"22756881",870510,-293790
"26507628",746100,-308610
"27389329",745650,-312090
"22634472",846720,-293310
"17212637",777060,-271920
"19706735",806160,-281760
"4076370",724890,-220080
"23483996",793080,-296670
"41360143",750930,-367230
"9002932",758310,-239520
"15980762",761670,-267060
"36982275",760170,-349950
"43040905",779160,-373860
"26099171",806010,-306990
"2449042",703470,-213660
"29133119",840480,-318960
"29434924",773430,-320160
"44398430",687540,-379230
"45233788",664980,-382530
"22707812",766620,-293610
"8738913",818790,-238470
"25564722",734640,-304890
"10841176",722370,-246780
"50153241",713160,-401940
"42918864",766410,-373380
"40354337",676710,-363270
"3817933",724800,-219060
"23036740",829170,-294900
"8593290",782670,-237900
"25528638",792270,-304740
"48405284",721350,-395040
"49265335",755490,-398430
"10050812",726570,-243660
"23142121",798180,-295320
"6615705",742920,-230100
"43062254",735540,-373950
"10194167",694650,-244230
"13039285",764970,-255450
"15743373",708930,-266130
"41146108",714720,-366390
"14622005",816330,-261690
"40076297",772620,-362160
"39111928",801360,-358350
"14189544",840210,-259980
"33167257",780690,-334890
"28803632",761160,-317670
"45601091",738630,-383970
"40485681",740520,-363780
"7445802",790560,-233370
"16473016",707340,-269010
"38797511",718080,-357120
"39929060",688080,-361590
"30382297",690870,-323910
"27420759",776430,-312210
"37084057",849240,-350340
"12137306",841170,-251880
"45469685",672960,-383460
"41187776",824610,-366540
"12157664",767820,-251970
"6174174",722730,-228360
"30207648",696090,-323220
"5633726",699420,-226230
"5360394",708540,-225150
"13242779",712980,-256260
"49047438",831450,-397560
"2243936",707100,-212850
"8629416",726300,-238050
"30462003",801750,-324210
"16186165",766950,-267870
"40397076",818730,-363420
"7558355",746700,-233820
"37922782",699660,-353670
"31255932",676470,-327360
"12904626",829740,-254910
"40945480",852690,-365580
"21440734",835290,-288600
"27175390",712320,-311250
"35316419",723060,-343380
"13468067",858750,-257130
"43312984",732450,-374940
"14931443",750240,-262920
"19298455",871380,-280140
"43960219",766950,-377490
"28071524",688800,-314790
"33405079",846420,-335820
"17030749",793140,-271200
"19186063",692040,-279720
"38138680",791760,-354510
"18956181",864510,-278790
"18157725",853980,-275640
"8289410",787470,-236700
"9442156",709290,-241260
"32566361",768180,-332520
"24309113",691320,-299940
"9042301",799230,-239670
"14473836",703830,-261120
"55515164",809700,-423090
"20233074",862260,-283830
"37869242",689670,-353460
"17101727",870210,-271470
"7589030",754830,-233940
"9270551",805830,-240570
"45720525",673170,-384450
"31048271",831480,-326520
"20923690",830010,-286560
"4410666",720450,-221400
"48170376",743040,-394110
"4038810",738240,-219930
"22461763",682110,-292650
"26773442",739470,-309660
"35130954",859860,-342630
"29142834",675870,-319020
"22495493",781890,-292770
"38197515",732570,-354750
"13629813",694470,-257790
"20413601",805350,-284550
"15914821",835710,-266790
"45624966",770790,-384060
"3520962",708840,-217890
"51371880",787530,-406740
"17159199",770130,-271710
"29972638",714720,-322290
"14574498",759300,-261510
"6881496",735600,-231150
"41374575",727830,-367290
"26970278",715770,-310440
"5785787",700650,-226830
"45691146",703920,-384330
"13615255",713790,-257730
"19919249",796740,-282600
"43292127",790830,-374850
"33316499",697350,-335490
"35261676",676980,-343170
"11306497",772170,-248610
"51910774",764220,-408870
"24681859",700230,-301410
"45018953",832800,-381660
"35585206",805620,-344430
"32371456",849810,-331740
"48621140",812190,-395880
"45235044",702660,-382530
"14296663",861360,-260400
"10049998",702150,-243660
"43147161",774420,-374280
"16543024",755310,-269280
"53727918",779370,-416040
"9901856",818490,-243060
"18512077",767130,-277050
"38789273",698970,-357090
"41864653",836250,-369210
"25338067",775890,-303990
"35278634",729660,-343230
"10475407",694740,-245340
"12585256",825900,-253650
"24448939",781560,-300480
"48330806",767310,-394740
"45748203",819420,-384540
"8987502",751470,-239460
"11807902",764340,-250590
"39825934",786720,-361170
"48567892",810960,-395670
"52518111",741930,-411270
"23223609",734490,-295650
"40549112",819210,-364020
"23264355",816720,-295800
"3484363",751020,-217740
"41180831",844290,-366510
"20393029",872280,-284460
"8746732",825330,-238500
"17351510",838710,-272460
"9358339",703110,-240930
"20653548",706800,-285510
"43489047",769650,-375630
"24975827",854130,-302550
"1271418",719400,-209010
"20520947",833310,-284970
"31028667",699420,-326460
"49485075",734820,-399300
"53347364",764250,-414540
"30226488",805230,-323280
"8334745",779340,-236880
"12852084",849690,-254700
"11684278",704100,-250110
"3012566",734970,-215880
"34024651",735120,-338280
"25911009",861900,-306240
"10688228",694530,-246180
"17986755",741540,-274980
"27768584",721800,-313590
"39765532",798900,-360930
"13166442",703170,-255960
"49653560",772710,-399960
"48127144",814260,-393930
"34512143",765960,-340200
"19583533",758580,-281280
"54367166",802290,-418560
"57256567",832920,-429960
"31661644",762240,-328950
"40553628",726660,-364050
"18892373",774510,-278550
"41255460",802860,-366810
"39563514",667140,-360150
"22282350",772440,-291930
"44037457",803790,-377790
"53927186",828630,-416820
"42829003",806940,-373020
"21073636",767790,-287160
"12760183",829020,-254340
"17236484",808380,-272010
"37626511",704700,-352500
"3848786",738270,-219180
"43073512",845250,-373980
"17327170",792600,-272370
"30060067",829260,-322620
"35811426",751320,-345330
"49543880",674730,-399540
"47995505",741600,-393420
"29881889",728610,-321930
"4995442",705420,-223710
"16966499",689880,-270960
"24349236",754860,-300090
"41825172",791970,-369060
"32406860",771780,-331890
"13192490",800520,-256050
"35160663",839010,-342750
"33707134",786870,-337020
"14906867",697050,-262830
"20562829",721590,-285150
"53065916",757920,-413430
"42365085",799230,-371190
"18733277",790260,-277920
"21270000",729930,-287940
"37819490",793320,-353250
"49454261",722520,-399180
"37230389",678600,-350940
"30056618",725790,-322620
"31658771",676050,-328950
"30404685",678420,-324000
"27932770",858750,-314220
"35750012",733140,-345090
"29007993",735180,-318480
"22927963",758280,-294480
"41377897",827490,-367290
"41016545",704340,-365880
"31245367",815580,-327300
"5020055",759720,-223800
"48115391",689700,-393900
"23714366",863280,-297570
"24383338",865800,-300210
"19623832",827400,-281430
"23590782",804240,-297090
"42453030",701220,-371550
"3118498",720510,-216300
"35749499",717750,-345090
"43125333",803670,-374190
"22204663",722130,-291630
"34240468",824790,-339120
"10249560",760230,-244440
"22075399",720720,-291120
"18034791",814440,-275160
"13763442",826830,-258300
"7954923",786180,-235380
"41352614",753090,-367200
"7648274",707910,-234180
"27380556",710490,-312060
"17818008",695790,-274320
"21699799",854220,-289620
"22259693",776820,-291840
"19176513",861600,-279660
"17729865",787860,-273960
"41490023",770820,-367740
"31426507",777060,-328020
"36771158",811500,-349110
"49258701",784500,-398400
"30294930",806220,-323550
"47454725",708330,-391290
"55652969",839310,-423630
"26327989",829650,-307890
"30523947",835830,-324450
"23610468",710730,-297180
"57165422",834930,-429600
"41967884",740760,-369630
"28091932",844980,-314850
"47730055",759150,-392370
"34481278",752130,-340080
"43559638",835110,-375900
"6196593",711210,-228450
"11938840",815970,-251100
"16454003",821040,-268920
"15655196",799980,-265770
"27779781",829680,-313620
"4258786",724650,-220800
"34433263",679860,-339900
"37071808",709800,-350310
"40103535",677640,-362280
"39782547",853290,-360990
"26065790",716700,-306870
"16884061",725070,-270630
"35768413",829110,-345150
"57895169",836460,-432480
"18690125",863880,-277740
"35500371",768900,-344100
"24128049",732120,-299220
"14949631",839820,-262980
"11857035",870150,-250770
"50839253",770820,-404640
"34518834",738660,-340230
"5399044",727890,-225300
"27702716",798030,-313320
"15618520",839850,-265620
"58320839",836880,-434160
"34499686",848310,-340140
"28992271",719580,-318420
"19956841",784350,-282750
"11994036",875640,-251310
"35668266",789090,-344760
"19434932",861150,-280680
"5978978",795630,-227580
"15622108",719460,-265650
"4508982",705540,-221790
"26690388",756180,-309330
"45543989",849810,-383730
"13264940",693720,-256350
"28296930",838110,-315660
"13651051",875550,-257850
"43679394",779310,-376380
"28251749",850860,-315480
"34063138",749580,-338430
"49977683",691110,-401250
"16710445",761280,-269940
"21642234",723480,-289410
"39552071",779910,-360090
"19316991",743370,-280230
"10576086",750720,-245730
"14701594",695670,-262020
"22234430",703020,-291750
"52373637",740280,-410700
"19510872",859050,-280980
"35255927",732540,-343140
"6143047",701040,-228240
"22452376",856560,-292590
"14445407",763080,-261000
"11400524",856620,-248970
"48483556",789210,-395340
"38082352",698130,-354300
"36634317",810810,-348570
"35690106",760200,-344850
"36842776",679740,-349410
"12780578",756780,-254430
"40299036",841920,-363030
"43298937",767100,-374880
"48272173",832560,-394500
"46917626",785490,-389160
"50571897",731190,-403590
"45300105",830250,-382770
"49243159",774300,-398340
"39452921",769800,-359700
"42892649",664050,-373290
"39687933",751230,-360630
"24515443",724410,-300750
"51446182",736290,-407040
"48632877",708240,-395940
"41870844",793950,-369240
"20391943",839700,-284460
"48515836",845490,-395460
"17527348",869160,-273150
"22433757",754050,-292530
"6539274",730290,-229800
"12700491",862500,-254100
"7887255",808410,-235110
"26305396",835950,-307800
"32734838",805830,-333180
"1651435",718410,-210510
"8978543",710730,-239430
"27356970",687000,-311970
"5096419",770340,-224100
"31591943",723480,-328680
"54740157",818550,-420030
"53392305",744300,-414720
"14012456",772260,-259290
"33837322",816000,-337530
"11973889",727290,-251250
"6471361",745170,-229530
"44216041",688590,-378510
"13329134",795300,-256590
"3894743",748800,-219360
"30432117",817290,-324090
"30345977",741420,-323760
"56183644",797460,-425730
"50260477",737820,-402360
"31880253",707640,-329820
"44916911",735930,-381270
"8813268",769140,-238770
"46865760",825720,-388950
"13924413",867330,-258930
"26241605",746460,-307560
"21797954",834480,-290010
